1296.00,1218.00,2015-04-30T01:47:31.934039+02:00,http://aeronet.cz/news/category/z-domova/
1296.00,1218.00,2015-04-30T01:48:40.228329+02:00,http://aeronet.cz/news/category/z-domova/
1296.00,1218.00,2015-04-30T01:49:32.332716+02:00,http://aeronet.cz/news/category/z-domova/
1296.00,1218.00,2015-04-30T01:52:05.406788+02:00,http://aeronet.cz/news/category/z-domova/
1296.00,1218.00,2015-04-30T01:53:52.829717+02:00,http://aeronet.cz/news/category/z-domova/
1296.00,1218.00,2015-04-30T01:54:14.352729+02:00,http://aeronet.cz/news/category/z-domova/
1296.00,1218.00,2015-04-30T01:55:50.068893+02:00,http://aeronet.cz/news/category/z-domova/
1296.00,1218.00,2015-04-30T02:00:29.200746+02:00,http://aeronet.cz/news/category/z-domova/
1296.00,1218.00,2015-04-30T02:02:08.782187+02:00,http://aeronet.cz/news/category/z-domova/
1296.00,1218.00,2015-04-30T02:02:28.361570+02:00,http://aeronet.cz/news/category/z-domova/
1296.00,1218.00,2015-04-30T02:03:06.403157+02:00,http://aeronet.cz/news/category/z-domova/
1296.00,1218.00,2015-04-30T02:03:32.912811+02:00,http://aeronet.cz/news/category/z-domova/
1296.00,1218.00,2015-04-30T02:03:48.027272+02:00,http://aeronet.cz/news/category/z-domova/
1296.00,1218.00,2015-04-30T02:04:16.703223+02:00,http://aeronet.cz/news/category/z-domova/
1296.00,1218.00,2015-04-30T02:04:45.113336+02:00,http://aeronet.cz/news/category/z-domova/
1296.00,1218.00,2015-04-30T02:05:12.970364+02:00,http://aeronet.cz/news/category/z-domova/
1296.00,1218.00,2015-04-30T02:05:36.205893+02:00,http://aeronet.cz/news/category/z-domova/
1296.00,1218.00,2015-04-30T02:07:10.754484+02:00,http://aeronet.cz/news/category/z-domova/
1296.00,1218.00,2015-04-30T02:07:33.492233+02:00,http://aeronet.cz/news/category/z-domova/
1296.00,1218.00,2015-04-30T02:07:52.047616+02:00,http://aeronet.cz/news/category/z-domova/
1296.00,1218.00,2015-04-30T02:08:14.201648+02:00,http://aeronet.cz/news/category/z-domova/
1296.00,1218.00,2015-04-30T02:08:26.563245+02:00,http://aeronet.cz/news/category/z-domova/
1296.00,1218.00,2015-04-30T02:08:46.458364+02:00,http://aeronet.cz/news/category/z-domova/
1296.00,1218.00,2015-04-30T02:09:09.727162+02:00,http://aeronet.cz/news/category/z-domova/
1296.00,1218.00,2015-04-30T02:09:32.440153+02:00,http://aeronet.cz/news/category/z-domova/
1296.00,1218.00,2015-04-30T02:09:38.577321+02:00,http://aeronet.cz/news/category/z-domova/
1296.00,1218.00,2015-04-30T02:11:15.293312+02:00,http://aeronet.cz/news/category/z-domova/
1296.00,1218.00,2015-04-30T02:15:57.792677+02:00,http://aeronet.cz/news/category/z-domova/
1296.00,1218.00,2015-04-30T03:07:43.700487+02:00,http://aeronet.cz/news/category/z-domova/
